OptimizerState(packed_state=([DeviceArray([[ 0.89085966,  0.5967697 ],
             [ 0.37895662,  0.57753754],
             [-0.20831938,  0.66499466],
             [ 0.01114785,  0.5440509 ],
             [ 0.11046921, -0.19788398],
             [-1.2184163 ,  0.04919921],
             [-0.8303416 , -0.6051824 ],
             [ 0.9426167 ,  0.96750706],
             [ 0.3133659 , -0.092304  ],
             [ 0.9528264 , -1.4184494 ],
             [ 0.87371016,  0.65739244],
             [-0.25239578,  0.26186588],
             [-0.45713362, -0.21803816],
             [-0.3232061 , -0.35191047],
             [ 0.11973951, -0.34583595],
             [ 0.02528743, -0.09014495],
             [-0.2542519 , -0.47861534],
             [ 0.9485365 ,  1.1473978 ],
             [ 0.98405945,  0.6714738 ],
             [ 0.669311  ,  1.0001739 ],
             [ 0.9553284 ,  0.77777624],
             [-0.86783946,  1.0280071 ],
             [ 0.20915787,  0.373385  ],
             [ 0.5074744 , -0.43251932],
             [-0.22539462, -0.44981045],
             [ 0.48232082, -0.3315498 ],
             [ 0.83311313,  0.59284765],
             [ 1.0266403 ,  0.72968596],
             [ 0.9039537 ,  1.0631877 ],
             [ 1.1540371 , -0.8697525 ]], dtype=float32), DeviceArray([[ 0.03422393, -0.05588317],
             [-0.1308723 ,  0.01447688],
             [-0.17872365, -0.05828553],
             [-0.27870142, -0.1579772 ],
             [-0.23533459, -0.26049826],
             [ 0.05387832,  0.09949518],
             [ 0.0315783 ,  0.05491564],
             [ 0.12675448,  0.16581418],
             [-0.3850204 , -0.4573975 ],
             [ 0.37857318,  0.2106762 ],
             [-0.04037181,  0.04240019],
             [-0.3263685 , -0.24352665],
             [-0.31863323, -0.35431117],
             [-0.34986603, -0.3722796 ],
             [-0.29816395, -0.3691494 ],
             [-0.3957996 , -0.42020637],
             [-0.3141594 , -0.34938064],
             [ 0.16359825,  0.23042446],
             [ 0.10735931,  0.05605892],
             [ 0.07935695,  0.20973298],
             [ 0.16684985,  0.12421066],
             [-0.48033485, -0.35826802],
             [-0.26510298, -0.20955223],
             [-0.19567734, -0.30397445],
             [-0.27178124, -0.39686933],
             [-0.3288473 , -0.46019742],
             [-0.03111226, -0.06845915],
             [ 0.09375586,  0.01060406],
             [ 0.17762728,  0.24910644],
             [-0.38699162, -0.51988345]], dtype=float32), DeviceArray([[3.7455547e-01, 5.3811777e-01],
             [3.7794616e+00, 2.1561299e-02],
             [7.7176728e+00, 1.4344147e+00],
             [1.8355530e+01, 7.2297077e+00],
             [1.4419824e+01, 1.6153944e+01],
             [4.7184911e-01, 3.2922716e+00],
             [2.6083136e-01, 1.1176276e+00],
             [5.0377836e+00, 5.6849651e+00],
             [3.7560879e+01, 4.7829090e+01],
             [4.6458611e+01, 1.8457901e+01],
             [2.3017621e-01, 1.8073620e-01],
             [2.5963617e+01, 1.5967563e+01],
             [3.5949539e+01, 2.6363234e+01],
             [3.7329884e+01, 3.3845474e+01],
             [2.3808136e+01, 3.1354437e+01],
             [4.0967754e+01, 4.2201641e+01],
             [4.0707344e+01, 3.3242699e+01],
             [8.1795235e+00, 1.1161749e+01],
             [3.2847927e+00, 8.6735409e-01],
             [2.4717615e+00, 8.5958662e+00],
             [7.8601580e+00, 3.9015753e+00],
             [7.1515839e+01, 4.0476692e+01],
             [1.7143654e+01, 1.1331268e+01],
             [9.6503334e+00, 2.0818487e+01],
             [2.9358725e+01, 3.3414001e+01],
             [2.8544018e+01, 4.7541500e+01],
             [2.4558623e-01, 1.0772302e+00],
             [2.4245305e+00, 9.0479106e-02],
             [9.3491402e+00, 1.3114480e+01],
             [3.0377068e+01, 6.4433174e+01]], dtype=float32)], [DeviceArray([[ 0.5927856 ],
             [ 0.58958507],
             [-0.62452203],
             [ 0.7990879 ],
             [ 0.648792  ],
             [ 0.575855  ],
             [-0.28648847],
             [ 0.6150377 ],
             [-0.3700649 ],
             [ 0.01046196],
             [-0.9482176 ],
             [ 0.36837727],
             [ 0.57767534],
             [ 0.38062906],
             [ 0.47043306],
             [ 0.08253971],
             [-0.218947  ],
             [ 0.8620867 ],
             [ 0.1663674 ],
             [-0.7866022 ],
             [-0.4033023 ],
             [ 0.09566268],
             [ 0.5379346 ],
             [-0.66784966],
             [-0.6598953 ],
             [-0.68870354],
             [-0.39234   ],
             [-0.10610959],
             [-0.2581921 ],
             [-0.677196  ]], dtype=float32), DeviceArray([[-5.3751082],
             [ 0.       ],
             [ 0.       ],
             [ 0.       ],
             [ 0.       ],
             [ 0.       ],
             [ 0.       ],
             [ 0.       ],
             [ 0.       ],
             [ 0.       ],
             [ 0.       ],
             [ 0.       ],
             [ 0.       ],
             [ 0.       ],
             [ 0.       ],
             [ 0.       ],
             [ 0.       ],
             [ 0.       ],
             [ 0.       ],
             [ 0.       ],
             [ 0.       ],
             [ 0.       ],
             [ 0.       ],
             [ 0.       ],
             [ 0.       ],
             [ 0.       ],
             [ 0.       ],
             [ 0.       ],
             [ 0.       ],
             [ 0.       ]], dtype=float32), DeviceArray([[8014.596],
             [   0.   ],
             [   0.   ],
             [   0.   ],
             [   0.   ],
             [   0.   ],
             [   0.   ],
             [   0.   ],
             [   0.   ],
             [   0.   ],
             [   0.   ],
             [   0.   ],
             [   0.   ],
             [   0.   ],
             [   0.   ],
             [   0.   ],
             [   0.   ],
             [   0.   ],
             [   0.   ],
             [   0.   ],
             [   0.   ],
             [   0.   ],
             [   0.   ],
             [   0.   ],
             [   0.   ],
             [   0.   ],
             [   0.   ],
             [   0.   ],
             [   0.   ],
             [   0.   ]], dtype=float32)], [DeviceArray([[-1.45039663e-01, -8.95980746e-02,  1.44648269e-01,
               2.14010645e-02,  8.54302049e-01,  1.50434029e+00,
               1.96713579e+00, -3.71112376e-01,  7.54512906e-01,
               4.62695509e-01,  1.00014452e-02,  8.66129458e-01,
               9.72603977e-01,  1.19583356e+00,  1.04329073e+00,
               1.00145340e+00,  1.10604525e+00, -3.49343777e-01,
              -5.10696061e-02, -3.83444190e-01, -4.55412418e-01,
              -8.58694911e-02,  1.06769539e-01,  7.17091084e-01,
               1.30016184e+00,  7.19156444e-01, -2.07105741e-01,
              -1.99999586e-01, -6.29492104e-01, -3.47494334e-01],
             [ 1.51635408e-01,  2.56841421e-01, -3.69782567e-01,
              -4.56675351e-01, -8.51489484e-01, -6.70362353e-01,
               5.77043474e-01,  4.15374964e-01, -6.76057696e-01,
               6.90300524e-01,  1.74604028e-01, -8.26898277e-01,
              -1.31796527e+00, -1.08165336e+00, -7.63523340e-01,
              -8.71834457e-01, -1.45377457e+00,  7.36587644e-01,
               3.55835110e-01,  6.96155667e-01,  5.96828818e-01,
              -7.67412424e-01, -3.61297667e-01, -3.83316010e-01,
              -9.15691257e-01, -7.22157300e-01, -3.23560797e-02,
               1.84954390e-01,  6.08663857e-01, -8.16076219e-01],
             [-4.00568135e-02,  2.60573983e-01,  4.27660108e-01,
              -8.84541422e-02, -2.28014037e-01,  7.02627003e-01,
               7.13266194e-01,  3.63830715e-01, -7.89564669e-01,
               1.16611874e+00,  3.36579621e-01, -3.39178920e-01,
              -3.02717209e-01, -6.53705537e-01, -1.96043029e-01,
              -8.03992152e-01, -9.07584369e-01,  4.49590951e-01,
               3.18680018e-01,  4.67036039e-01, -5.23440838e-02,
              -4.01674449e-01, -8.64272118e-02, -5.68650544e-01,
              -6.37020767e-01, -8.99448514e-01, -3.80179025e-02,
              -1.67808868e-02,  4.34840590e-01, -1.26157856e+00],
             [-1.12266414e-01,  1.80934191e-01,  1.71612635e-01,
              -2.94486552e-01,  1.04077652e-01,  1.46219626e-01,
               6.40936494e-02, -1.18589655e-01, -1.58527151e-01,
               9.06227455e-02, -1.97983935e-01, -1.37135059e-01,
              -7.81868696e-02, -2.65643261e-02, -3.44244987e-01,
              -1.58155963e-01, -8.85582343e-02, -1.14458419e-01,
               6.95576593e-02,  7.67949736e-04, -1.90806851e-01,
               1.38484836e-01, -2.66970545e-01, -5.10202460e-02,
               5.88104874e-02,  6.09442219e-02,  1.04914345e-01,
              -7.94806331e-02,  2.32874453e-01,  2.90707141e-01],
             [-6.85701966e-01,  8.87968957e-01,  1.09104776e+00,
               7.56908894e-01, -6.51109934e-01,  2.85828263e-01,
               1.85755777e+00,  2.36848861e-01, -5.85236251e-01,
              -3.93478543e-01,  4.58594799e-01,  7.89413214e-01,
               4.31524098e-01, -3.45675051e-01, -6.42672181e-01,
              -5.58185399e-01, -1.87839583e-01,  6.61299229e-01,
              -6.78266466e-01,  7.55072892e-01, -5.91761291e-01,
               4.14333016e-01,  4.58126873e-01, -7.39731967e-01,
              -7.42975056e-01, -9.33220327e-01, -7.41770864e-01,
              -8.31635118e-01,  3.68860841e-01, -2.16016150e+00],
             [-9.79995877e-02, -4.39977571e-02, -1.20617196e-01,
              -2.95603275e-02, -1.83414400e-01, -1.25980854e-01,
               2.39071809e-02, -3.47380817e-01, -1.73662782e-01,
              -1.09138805e-02,  1.61479160e-01,  7.82941282e-02,
               2.88985670e-02,  1.06467381e-02,  1.32991791e-01,
               2.00607106e-01,  2.92403847e-01,  1.45085052e-01,
               1.92846105e-01, -5.35279885e-02, -1.62408594e-02,
               7.80761838e-02, -6.12328090e-02, -2.15043485e-01,
              -1.23472482e-01, -1.57186482e-02, -1.33483231e-01,
              -1.47270739e-01, -2.07276776e-01,  3.57008562e-03],
             [ 2.05849022e-01, -8.98911618e-03,  1.34708107e-01,
               1.06789030e-01,  3.20312142e-01, -1.35747448e-01,
              -1.59652233e-01, -2.99930155e-01, -9.28846970e-02,
              -8.46641809e-02, -8.34165215e-02,  8.06632042e-02,
              -1.31867677e-01, -3.60698923e-02,  1.40329212e-01,
              -1.87619850e-01,  3.29169482e-02, -7.86438808e-02,
              -3.93956810e-01, -3.42893451e-02, -3.73658948e-02,
              -2.57175099e-02,  1.18357785e-01, -1.50957599e-01,
              -9.10496265e-02,  1.22310795e-01, -2.00542554e-01,
               1.53009504e-01,  5.12757972e-02,  1.85252726e-01],
             [-7.93834805e-01,  1.77770466e-01,  7.27995634e-01,
               5.86293876e-01,  1.05529225e+00,  7.74760604e-01,
               9.75760818e-01, -8.09304357e-01,  6.65996611e-01,
               1.28282690e+00, -2.90401638e-01,  1.21855235e+00,
               1.34500515e+00,  1.45172250e+00,  1.07705581e+00,
               6.71733439e-01,  1.01142323e+00, -6.08735442e-01,
              -8.80469561e-01, -2.81433046e-01, -7.11349785e-01,
               1.10403597e+00,  3.20270568e-01,  9.10660565e-01,
               1.22276652e+00,  9.83509958e-01, -6.16463065e-01,
              -7.45720625e-01, -1.07644868e+00,  1.20887071e-01],
             [-7.65910447e-01,  8.84663343e-01,  7.96396852e-01,
               7.96896279e-01,  1.31283572e-03,  7.13682652e-01,
               1.58682573e+00,  1.60921365e-01, -7.86180019e-01,
              -1.90488350e+00,  3.29850465e-01,  3.60936821e-01,
               7.64543474e-01,  4.72343266e-02, -6.51418984e-01,
              -3.82619977e-01,  6.70601204e-02,  2.94585228e-01,
              -5.46085835e-01,  7.27861166e-01,  2.65273079e-02,
               4.94442612e-01,  3.01021963e-01, -4.63149577e-01,
              -2.81557441e-01, -1.09083211e+00, -4.69511300e-01,
              -5.87557733e-01,  5.16042113e-01, -1.98266709e+00],
             [ 2.69602507e-01, -9.97309536e-02,  6.56172782e-02,
              -2.71253377e-01,  1.01446539e-01,  2.66078144e-01,
               7.13213757e-02,  1.53569952e-01, -1.29871741e-01,
               2.80957911e-02, -2.42180288e-01, -5.99556342e-02,
               8.73822570e-02,  1.35075795e-02,  1.66374192e-01,
              -1.71337262e-01,  3.12028795e-01, -5.55001497e-02,
               1.33522227e-01, -2.72203058e-01, -5.65083325e-02,
               1.87690273e-01,  9.81960371e-02, -3.34949255e-01,
              -6.68610632e-02, -5.09902544e-04, -2.38482058e-01,
              -2.34287143e-01, -1.36613652e-01, -1.61993131e-01],
             [-8.65594298e-02, -3.10220942e-02,  5.55836968e-02,
              -1.37051895e-01,  1.06689654e-01,  2.45863721e-02,
              -8.87581408e-02,  2.64724940e-01,  3.93365473e-02,
               8.12158287e-02, -9.04789940e-02, -2.30784968e-01,
              -1.65955741e-02,  3.28908004e-02, -3.37657183e-02,
              -1.44786000e-01,  1.40865678e-02, -2.95650154e-01,
               1.73136257e-02,  2.33097389e-01,  2.66744524e-01,
              -3.13428283e-01, -1.19945407e-01, -1.89197347e-01,
              -2.07194656e-01, -2.12615788e-01,  9.52801555e-02,
              -6.10549711e-02, -3.33285004e-01,  1.52833844e-02],
             [-4.47176807e-02,  1.38158649e-01,  6.26760349e-02,
               3.05816857e-03, -4.48049977e-02, -1.98419560e-02,
              -2.48888120e-01, -4.86499965e-02, -2.57671893e-01,
               2.64719337e-01, -2.16616318e-01,  8.84883553e-02,
               8.32453519e-02,  4.36560214e-02, -2.39965901e-01,
              -2.38929577e-02, -6.84992131e-03, -4.02533531e-01,
               2.40171760e-01, -2.24624410e-01,  1.12125184e-02,
               3.01971585e-01,  1.05345942e-01, -1.48726210e-01,
               1.70020297e-01,  7.63556063e-02, -1.12662435e-01,
               2.09465086e-01, -3.94636393e-01,  1.27483323e-01],
             [-1.39472140e-02, -3.09771169e-02, -2.09973499e-01,
              -2.18030009e-02,  7.63189718e-02,  7.12952837e-02,
               6.16204627e-02, -3.12834815e-03, -2.65552383e-02,
              -2.02390581e-01, -2.08310366e-01, -7.17408955e-02,
               1.77308783e-01,  1.44114539e-01,  1.07048802e-01,
               4.47675139e-02,  1.86018005e-01, -9.11756530e-02,
               1.76335484e-01, -3.10887933e-01,  4.88819294e-02,
              -2.66509093e-02, -1.97546348e-01,  1.75637826e-01,
              -8.94474313e-02, -3.05266172e-01, -9.49992985e-02,
               6.47185545e-04,  5.40557951e-02,  3.94627079e-03],
             [ 7.11726189e-01, -9.72100616e-01, -5.56945264e-01,
              -8.01575005e-01, -2.38740463e-02,  3.78081501e-01,
               6.77147746e-01,  8.25890601e-02,  5.34669720e-02,
               1.10086811e+00, -6.74066424e-01, -7.28361011e-01,
              -1.46856546e-01, -2.97681272e-01,  3.47045623e-02,
              -3.85818213e-01, -2.08286330e-01,  1.60604447e-01,
               3.61452788e-01, -5.02855241e-01,  6.64487183e-01,
              -2.35585308e+00, -4.27408189e-01,  6.86039984e-01,
              -2.25725904e-01,  4.18315679e-01,  1.37494206e-01,
               5.61979055e-01, -1.69876814e-01,  1.03096879e+00],
             [ 5.46602786e-01, -8.07684839e-01, -5.57934165e-01,
              -8.42758119e-01, -1.08255103e-01,  4.93240654e-02,
               1.11606622e+00,  1.66621059e-01,  5.61457053e-02,
               1.28519464e+00, -4.00584012e-01, -5.38933277e-01,
              -4.32824165e-01, -3.77397865e-01,  1.05940051e-01,
              -1.46775782e-01, -5.06332874e-01, -1.40282020e-01,
               3.71535659e-01, -6.35023236e-01,  4.87604618e-01,
              -2.15050626e+00, -2.50883192e-01,  8.17405879e-01,
               2.09014177e-01,  5.36059797e-01,  1.33911163e-01,
               4.85487908e-01,  1.27728671e-01,  1.36593080e+00],
             [ 7.88421571e-01,  6.69251621e-01,  4.18375939e-01,
               6.85771883e-01,  7.42972553e-01, -3.80080849e-01,
              -1.14597213e+00,  9.62446511e-01,  8.64414632e-01,
              -3.07085872e-01,  6.44024014e-01,  5.85197210e-01,
               5.47739089e-01,  6.45416439e-01,  5.44485092e-01,
               6.18293941e-01,  5.48284173e-01,  6.04769707e-01,
               7.07534850e-01,  8.00902009e-01,  6.36834085e-01,
               1.01794374e+00,  5.74853599e-01,  9.45211768e-01,
               6.55344129e-01,  9.14468586e-01,  8.95784557e-01,
               6.64023221e-01,  6.23458624e-01,  1.12088764e+00],
             [-6.28800914e-02, -4.06013638e-01,  1.11241117e-01,
              -6.32058317e-03,  1.04174398e-01, -1.77696012e-02,
               1.11818306e-01,  1.35854945e-01, -4.74988669e-02,
              -2.24385113e-02, -2.50428822e-02, -9.56801549e-02,
              -1.92772239e-01, -1.13829963e-01, -5.46031557e-02,
              -8.73488039e-02,  1.75870374e-01,  1.81293964e-01,
              -1.31162912e-01,  1.41505674e-01,  2.92166144e-01,
              -5.72666787e-02, -6.52708719e-03, -1.17260978e-01,
               6.74919644e-03, -3.17495242e-02, -3.59460324e-01,
               5.61952665e-02, -8.41227844e-02, -9.28174332e-03],
             [ 2.94327497e-01, -3.78177762e-01, -6.38693094e-01,
              -4.68274772e-01, -6.85533524e-01,  1.12093411e-01,
               3.00191373e-01,  4.29687411e-01, -9.54199851e-01,
               8.13161731e-01,  3.08541656e-01, -5.90980530e-01,
              -1.46425533e+00, -1.17354572e+00, -9.40212429e-01,
              -8.97838116e-01, -1.64337707e+00,  6.95475221e-01,
               3.91260594e-01,  4.84359473e-01,  4.44210887e-01,
              -7.08542645e-01, -7.95167565e-01, -5.91767907e-01,
              -1.43307650e+00, -9.57735777e-01,  4.73794900e-02,
               4.72297072e-01,  5.05234301e-01, -2.74133593e-01],
             [ 1.14177197e-01,  2.45718881e-01, -9.98235270e-02,
              -1.60239011e-01,  2.63793021e-01, -2.40782008e-01,
              -7.65551478e-02, -1.43447772e-01, -4.02878858e-02,
              -9.87820104e-02, -1.55567680e-03, -9.60729718e-02,
              -1.49436846e-01,  5.96558899e-02, -1.68957621e-01,
              -3.30075711e-01, -3.24882001e-01,  3.84633094e-02,
              -4.15058136e-02,  1.60968289e-01, -3.22464667e-02,
               2.47117922e-01,  5.27322330e-02,  1.36294782e-01,
               3.03933889e-01,  5.31233475e-03, -2.44355917e-01,
               8.70225951e-02, -2.44314596e-01, -3.54365349e-01],
             [-4.99296077e-02, -2.41548177e-02,  2.86278456e-01,
              -2.94933289e-01, -1.15128346e-01, -1.32399604e-01,
               3.78131354e-03,  5.04856035e-02, -1.64633021e-01,
               9.54208989e-03,  5.94248287e-02, -1.36540711e-01,
               1.34876855e-02,  1.73210233e-01, -1.95126027e-01,
              -4.98158298e-02,  2.64065176e-01, -1.64418891e-01,
               1.33969374e-02, -2.29730815e-01, -1.95249274e-01,
               1.91159040e-01,  1.97775483e-01, -6.53904751e-02,
               6.99107945e-02,  1.18844502e-01, -3.59201938e-01,
              -3.11529517e-01,  3.55242714e-02, -2.47986943e-01],
             [-4.77462895e-02, -1.48486748e-01, -8.10924694e-02,
               2.25235641e-01, -1.28061965e-01,  2.44611889e-01,
              -5.89187536e-03,  1.90286830e-01, -1.76675633e-01,
              -1.86726227e-01,  1.35425627e-01,  3.87223214e-02,
              -1.58547848e-01, -1.04478002e-01,  4.02433574e-02,
              -1.36223003e-01, -2.71422863e-01,  9.91296768e-02,
              -1.18727751e-01, -1.54545754e-01,  1.62590817e-01,
              -9.28147659e-02,  1.73473492e-01, -7.82592446e-02,
              -2.31238991e-01,  2.94441022e-02, -1.28308281e-01,
              -1.14946984e-01, -8.92873630e-02, -1.14343897e-01],
             [ 2.28057988e-02, -8.99980441e-02, -4.39885229e-01,
              -8.91398787e-01, -4.62945491e-01,  2.65667796e-01,
               3.96491200e-01,  4.26518738e-01, -1.07285452e+00,
               1.21939003e+00,  7.79052032e-03, -9.54053044e-01,
              -1.78493011e+00, -1.64436281e+00, -7.37658978e-01,
              -1.10322773e+00, -1.52772629e+00,  6.90865099e-01,
               5.19085467e-01,  4.56891268e-01,  3.66535991e-01,
              -4.17551965e-01, -6.14610374e-01, -5.80594718e-01,
              -1.58999109e+00, -6.54197931e-01,  1.08829483e-01,
               3.22036862e-01,  5.78664184e-01, -5.35959005e-01],
             [ 2.25138426e-01, -1.80835724e-02, -3.45380269e-02,
              -6.89534470e-02,  6.88278228e-02, -4.84142005e-02,
               2.35848352e-01, -1.86512470e-01,  1.73564821e-01,
              -2.50556707e-01, -9.97827016e-03, -1.12528756e-01,
               2.70408005e-01,  2.92992331e-02, -3.77947055e-02,
              -8.79088193e-02, -2.40464993e-02,  1.82091877e-01,
              -3.17573696e-01,  1.00511722e-01, -1.49256885e-01,
               1.47930101e-01, -8.65453333e-02, -1.73058227e-01,
              -2.62277544e-01, -1.44442543e-01, -2.95372665e-01,
               4.00425754e-02,  1.30964726e-01,  1.13814138e-01],
             [-5.96080303e-01,  4.75258917e-01,  5.83355844e-01,
               5.29170036e-01, -7.29019865e-02,  1.49173164e+00,
               7.74244845e-01,  4.93215621e-01, -6.55030012e-01,
               2.87294000e-01,  2.74999827e-01,  3.88440996e-01,
              -6.76197782e-02, -5.06428517e-02, -6.19012117e-01,
              -3.85328710e-01, -2.75345176e-01,  3.18835557e-01,
              -2.19035670e-01,  6.72246575e-01, -9.67044905e-02,
              -2.09587403e-02,  1.91853970e-01, -6.23551667e-01,
              -3.60815942e-01, -8.39010477e-01, -1.33101314e-01,
              -5.26042163e-01,  4.48686332e-01, -1.56984198e+00],
             [ 2.46663526e-01, -1.24214441e-01, -2.77402967e-01,
               1.59001082e-01, -9.84619558e-02,  2.07664315e-02,
              -1.48055881e-01, -1.79233178e-01, -2.97010362e-01,
               2.79404670e-01, -2.65169382e-01,  2.02701479e-01,
              -6.32744581e-02, -2.31873259e-01, -1.85435995e-01,
               1.09140845e-02, -1.12891585e-01, -3.57236117e-01,
              -2.64597178e-01, -1.56882435e-01,  7.49868620e-03,
               2.81020608e-02,  2.30086535e-01,  2.61101305e-01,
               4.01243679e-02, -1.07782401e-01, -9.19462070e-02,
              -1.22148164e-01, -3.43613088e-01, -2.82337517e-02],
             [ 4.04973388e-01, -7.89736807e-01, -6.02663100e-01,
              -4.92460966e-01,  2.82729715e-01,  4.24223214e-01,
               1.28617954e+00,  2.39716843e-01,  6.52790964e-02,
               9.33607101e-01, -2.35137418e-01, -3.01841289e-01,
              -5.64660490e-01, -3.06464612e-01,  1.41120896e-01,
              -5.35269499e-01, -6.35531902e-01, -2.39895627e-01,
               3.35906863e-01, -4.54134375e-01,  4.26021397e-01,
              -2.15523434e+00, -4.20788914e-01,  6.38446748e-01,
               1.10316947e-01,  4.64628994e-01,  6.80752546e-02,
               5.32372236e-01, -3.03892434e-01,  4.94315505e-01],
             [ 1.64128840e-01,  2.49298796e-01, -3.82696837e-01,
              -4.44627047e-01, -3.48694623e-01,  5.37124634e-01,
               1.54371369e+00,  6.26706481e-01, -8.78102005e-01,
               7.76908875e-01,  1.51452184e-01, -6.56471670e-01,
              -9.34983253e-01, -8.75610590e-01, -7.99703956e-01,
              -6.83413684e-01, -1.06692553e+00,  5.03678083e-01,
               2.75266320e-01,  5.58032751e-01,  5.82148671e-01,
              -8.99063826e-01, -7.98916221e-01, -5.83545089e-01,
              -5.83616614e-01, -7.23193884e-01,  3.29158098e-01,
               3.74664217e-01,  6.49088204e-01, -1.16196024e+00],
             [-2.38422573e-01, -1.15643725e-01, -1.51984558e-01,
               1.87247857e-01,  9.19624940e-02, -8.90500173e-02,
              -2.80618787e-01, -1.56558186e-01, -1.38424516e-01,
              -1.24952853e-01,  2.04390675e-01,  2.22844109e-01,
               5.82096577e-02, -1.66391090e-01,  6.75566271e-02,
              -4.39829230e-02, -6.76049292e-02,  1.41699657e-01,
              -9.16141495e-02,  1.88305467e-01, -3.42755646e-01,
               1.63106501e-01,  8.49415213e-02, -7.47342631e-02,
              -7.23189786e-02,  3.59977446e-02,  3.89624685e-02,
              -1.23924188e-01, -6.66239485e-02,  2.11398959e-01],
             [ 4.81549740e-01, -6.58717811e-01, -7.53766239e-01,
              -6.29293263e-01, -7.39656091e-01, -8.50436389e-01,
               2.44162202e-01,  4.86390561e-01, -7.76169240e-01,
               5.58275521e-01, -2.13086069e-01, -1.01870894e+00,
              -1.32940316e+00, -1.33292532e+00, -9.06677067e-01,
              -9.48955059e-01, -1.26679015e+00,  4.64166075e-01,
               5.97152948e-01,  3.09722364e-01,  7.69340992e-01,
              -4.95810509e-01, -5.94835043e-01, -7.69264221e-01,
              -1.59142840e+00, -8.38353455e-01,  2.58381695e-01,
               6.92367852e-01,  9.68783796e-01, -3.69038880e-01],
             [ 3.67331095e-02,  1.63610578e-01, -1.21992551e-01,
              -9.62964520e-02,  7.10157454e-02,  2.68400580e-01,
              -1.50644146e-02, -3.75313401e-01, -6.24393113e-02,
              -3.36696319e-02, -6.30131960e-02,  1.31578654e-01,
               5.82365766e-02, -1.03251651e-01,  2.15689480e-01,
              -1.40833840e-01, -2.66251490e-02,  8.25313106e-02,
              -3.39896493e-02,  5.83759286e-02, -9.97830555e-02,
               1.50667444e-01,  7.25186095e-02, -2.37133399e-01,
              -1.12979040e-01,  4.20489311e-02, -2.18245536e-01,
              -2.18228072e-01, -2.34916821e-01,  1.99181676e-01]],            dtype=float32), DeviceArray([[ 0.05691603,  0.0483388 ,  0.04079663,  0.04176618,
               0.02782031,  0.00030811,  0.00038539,  0.0655125 ,
               0.03326742,  0.02105948,  0.05791158,  0.03165453,
               0.01834137,  0.01767623,  0.02487117,  0.02871638,
               0.01612422,  0.06937248,  0.05997671,  0.06183588,
               0.06174359,  0.05433416,  0.0413529 ,  0.02924305,
               0.01718726,  0.03095507,  0.05590176,  0.06187402,
               0.06689841,  0.05472005],
             [ 0.1492851 ,  0.11466754,  0.08271203,  0.08841462,
               0.04244287,  0.00802137,  0.        ,  0.1788721 ,
               0.06307477,  0.04672552,  0.15245572,  0.05136736,
               0.02738317,  0.02584353,  0.03259136,  0.04452444,
               0.01673222,  0.19196612,  0.16064666,  0.16343619,
               0.1662921 ,  0.03961075,  0.08921184,  0.05163977,
               0.02474727,  0.05714032,  0.14522657,  0.16752248,
               0.18312214,  0.0654363 ],
             [ 0.15455532,  0.11853978,  0.08549822,  0.0911842 ,
               0.04191798,  0.00463446,  0.00407632,  0.18604879,
               0.06357414,  0.03848717,  0.15797542,  0.05211253,
               0.0238228 ,  0.0220353 ,  0.03138252,  0.04429682,
               0.01279155,  0.20001848,  0.16651352,  0.17006904,
               0.17259395,  0.06921255,  0.09167203,  0.05100873,
               0.02075528,  0.05692795,  0.15033391,  0.17377679,
               0.19065757,  0.09316099],
             [ 0.        ,  0.        ,  0.        ,  0.        ,
               0.        ,  0.        ,  0.        ,  0.        ,
               0.        ,  0.        ,  0.        ,  0.        ,
               0.        ,  0.        ,  0.        ,  0.        ,
               0.        ,  0.        ,  0.        ,  0.        ,
               0.        ,  0.        ,  0.        ,  0.        ,
               0.        ,  0.        ,  0.        ,  0.        ,
               0.        ,  0.        ],
             [ 0.04627917,  0.04395008,  0.04505673,  0.04159014,
               0.01626724,  0.02671602, -0.00101448,  0.05927618,
               0.02057716, -0.00052802,  0.04833035,  0.03097797,
               0.0137217 ,  0.00953062,  0.01118317,  0.01971399,
               0.00393268,  0.06551358,  0.0491778 ,  0.05951598,
               0.05275883,  0.05545668,  0.03633536,  0.00944915,
               0.00617054,  0.01285728,  0.04595215,  0.05132772,
               0.06245757,  0.02434299],
             [ 0.        ,  0.        ,  0.        ,  0.        ,
               0.        ,  0.        ,  0.        ,  0.        ,
               0.        ,  0.        ,  0.        ,  0.        ,
               0.        ,  0.        ,  0.        ,  0.        ,
               0.        ,  0.        ,  0.        ,  0.        ,
               0.        ,  0.        ,  0.        ,  0.        ,
               0.        ,  0.        ,  0.        ,  0.        ,
               0.        ,  0.        ],
             [ 0.        ,  0.        ,  0.        ,  0.        ,
               0.        ,  0.        ,  0.        ,  0.        ,
               0.        ,  0.        ,  0.        ,  0.        ,
               0.        ,  0.        ,  0.        ,  0.        ,
               0.        ,  0.        ,  0.        ,  0.        ,
               0.        ,  0.        ,  0.        ,  0.        ,
               0.        ,  0.        ,  0.        ,  0.        ,
               0.        ,  0.        ],
             [ 0.01027896,  0.00802618,  0.00555464,  0.00638912,
               0.00607242,  0.01029963,  0.00297763,  0.01088054,
               0.00706354,  0.00605563,  0.01026476,  0.00495515,
               0.00357777,  0.00402626,  0.00596332,  0.00580995,
               0.0041989 ,  0.01108809,  0.01076211,  0.00972209,
               0.01074429,  0.00274011,  0.00707985,  0.00756592,
               0.00435383,  0.00755828,  0.01002158,  0.01100649,
               0.01080871,  0.00986846],
             [ 0.08092055,  0.07115589,  0.06575289,  0.06309154,
               0.02546892,  0.03785827, -0.00251309,  0.10147485,
               0.03452961,  0.00044908,  0.08385506,  0.04363539,
               0.01577306,  0.0116213 ,  0.01778643,  0.02972338,
               0.00721074,  0.11110913,  0.08649386,  0.0985379 ,
               0.09163669,  0.0737242 ,  0.05742908,  0.01981559,
               0.00905104,  0.02473667,  0.07971692,  0.0903048 ,
               0.10588494,  0.04252329],
             [ 0.        ,  0.        ,  0.        ,  0.        ,
               0.        ,  0.        ,  0.        ,  0.        ,
               0.        ,  0.        ,  0.        ,  0.        ,
               0.        ,  0.        ,  0.        ,  0.        ,
               0.        ,  0.        ,  0.        ,  0.        ,
               0.        ,  0.        ,  0.        ,  0.        ,
               0.        ,  0.        ,  0.        ,  0.        ,
               0.        ,  0.        ],
             [ 0.        ,  0.        ,  0.        ,  0.        ,
               0.        ,  0.        ,  0.        ,  0.        ,
               0.        ,  0.        ,  0.        ,  0.        ,
               0.        ,  0.        ,  0.        ,  0.        ,
               0.        ,  0.        ,  0.        ,  0.        ,
               0.        ,  0.        ,  0.        ,  0.        ,
               0.        ,  0.        ,  0.        ,  0.        ,
               0.        ,  0.        ],
             [ 0.        ,  0.        ,  0.        ,  0.        ,
               0.        ,  0.        ,  0.        ,  0.        ,
               0.        ,  0.        ,  0.        ,  0.        ,
               0.        ,  0.        ,  0.        ,  0.        ,
               0.        ,  0.        ,  0.        ,  0.        ,
               0.        ,  0.        ,  0.        ,  0.        ,
               0.        ,  0.        ,  0.        ,  0.        ,
               0.        ,  0.        ],
             [ 0.        ,  0.        ,  0.        ,  0.        ,
               0.        ,  0.        ,  0.        ,  0.        ,
               0.        ,  0.        ,  0.        ,  0.        ,
               0.        ,  0.        ,  0.        ,  0.        ,
               0.        ,  0.        ,  0.        ,  0.        ,
               0.        ,  0.        ,  0.        ,  0.        ,
               0.        ,  0.        ,  0.        ,  0.        ,
               0.        ,  0.        ],
             [ 0.07510859,  0.05263975,  0.0286638 ,  0.03618862,
               0.02842418,  0.00083128,  0.00379578,  0.08338132,
               0.03891447,  0.04503992,  0.07534015,  0.02020493,
               0.00190769,  0.00661361,  0.02642018,  0.02649161,
               0.00578059,  0.08656136,  0.0803617 ,  0.07209279,
               0.0808472 ,  0.02573135,  0.04197753,  0.04177876,
               0.0097126 ,  0.04233216,  0.07252815,  0.08314917,
               0.08326461,  0.06263168],
             [ 0.12742238,  0.09330965,  0.05825521,  0.06808319,
               0.04706977,  0.01418967,  0.01201015,  0.14454801,
               0.06421034,  0.05681061,  0.12853655,  0.04044482,
               0.02358632,  0.02759469,  0.04219243,  0.04550755,
               0.03586266,  0.15159906,  0.1362819 ,  0.12793799,
               0.13834716,  0.05064315,  0.07467017,  0.06426118,
               0.03013354,  0.06636206,  0.12348432,  0.1412145 ,
               0.14557227,  0.09021658],
             [-0.15171117, -0.11116435, -0.07146145, -0.08082341,
              -0.04245115,  0.00314909, -0.00034311, -0.17870346,
              -0.06458579, -0.05010936, -0.15414861, -0.04307872,
              -0.01526193, -0.0166599 , -0.03398971, -0.04258683,
              -0.01057332, -0.19031265, -0.16353245, -0.15973017,
              -0.16791636, -0.05800146, -0.08545449, -0.05840437,
              -0.01770215, -0.06273236, -0.14700128, -0.17041226,
              -0.18166596, -0.10658605],
             [ 0.        ,  0.        ,  0.        ,  0.        ,
               0.        ,  0.        ,  0.        ,  0.        ,
               0.        ,  0.        ,  0.        ,  0.        ,
               0.        ,  0.        ,  0.        ,  0.        ,
               0.        ,  0.        ,  0.        ,  0.        ,
               0.        ,  0.        ,  0.        ,  0.        ,
               0.        ,  0.        ,  0.        ,  0.        ,
               0.        ,  0.        ],
             [ 0.11600283,  0.08685701,  0.05995778,  0.06474655,
               0.02595934, -0.00037331,  0.        ,  0.14095122,
               0.04334262,  0.0041693 ,  0.11867805,  0.03352266,
               0.01652428,  0.01510513,  0.01764861,  0.02772357,
               0.00677161,  0.15199557,  0.12557398,  0.12795733,
               0.13033868,  0.04311552,  0.06539961,  0.03367817,
               0.0140977 ,  0.03832046,  0.11258791,  0.13136989,
               0.1445399 ,  0.0429643 ],
             [ 0.        ,  0.        ,  0.        ,  0.        ,
               0.        ,  0.        ,  0.        ,  0.        ,
               0.        ,  0.        ,  0.        ,  0.        ,
               0.        ,  0.        ,  0.        ,  0.        ,
               0.        ,  0.        ,  0.        ,  0.        ,
               0.        ,  0.        ,  0.        ,  0.        ,
               0.        ,  0.        ,  0.        ,  0.        ,
               0.        ,  0.        ],
             [ 0.        ,  0.        ,  0.        ,  0.        ,
               0.        ,  0.        ,  0.        ,  0.        ,
               0.        ,  0.        ,  0.        ,  0.        ,
               0.        ,  0.        ,  0.        ,  0.        ,
               0.        ,  0.        ,  0.        ,  0.        ,
               0.        ,  0.        ,  0.        ,  0.        ,
               0.        ,  0.        ,  0.        ,  0.        ,
               0.        ,  0.        ],
             [ 0.        ,  0.        ,  0.        ,  0.        ,
               0.        ,  0.        ,  0.        ,  0.        ,
               0.        ,  0.        ,  0.        ,  0.        ,
               0.        ,  0.        ,  0.        ,  0.        ,
               0.        ,  0.        ,  0.        ,  0.        ,
               0.        ,  0.        ,  0.        ,  0.        ,
               0.        ,  0.        ,  0.        ,  0.        ,
               0.        ,  0.        ],
             [ 0.07404688,  0.05412864,  0.03554309,  0.03905465,
               0.0139248 , -0.00067855,  0.        ,  0.09041461,
               0.02562387,  0.01535192,  0.07576209,  0.0182188 ,
               0.01076437,  0.00994113,  0.00851916,  0.01492544,
               0.00382775,  0.09763046,  0.08045544,  0.08145498,
               0.08351328,  0.02497212,  0.03983014,  0.01966126,
               0.00936534,  0.02264555,  0.0717174 ,  0.0843119 ,
               0.09268767,  0.02686071],
             [ 0.        ,  0.        ,  0.        ,  0.        ,
               0.        ,  0.        ,  0.        ,  0.        ,
               0.        ,  0.        ,  0.        ,  0.        ,
               0.        ,  0.        ,  0.        ,  0.        ,
               0.        ,  0.        ,  0.        ,  0.        ,
               0.        ,  0.        ,  0.        ,  0.        ,
               0.        ,  0.        ,  0.        ,  0.        ,
               0.        ,  0.        ],
             [ 0.10456927,  0.08446054,  0.06828336,  0.06877156,
               0.02575139, -0.01249079,  0.00992818,  0.1298346 ,
               0.03988226,  0.00212283,  0.10776234,  0.04128959,
               0.02441963,  0.02033447,  0.01678372,  0.02938705,
               0.01071251,  0.14137244,  0.11273609,  0.12180407,
               0.11836495,  0.06678599,  0.06533976,  0.02563803,
               0.01730521,  0.03106308,  0.10217544,  0.11796907,
               0.1344284 ,  0.05240555],
             [ 0.        ,  0.        ,  0.        ,  0.        ,
               0.        ,  0.        ,  0.        ,  0.        ,
               0.        ,  0.        ,  0.        ,  0.        ,
               0.        ,  0.        ,  0.        ,  0.        ,
               0.        ,  0.        ,  0.        ,  0.        ,
               0.        ,  0.        ,  0.        ,  0.        ,
               0.        ,  0.        ,  0.        ,  0.        ,
               0.        ,  0.        ],
             [ 0.04292178,  0.03006488,  0.015901  ,  0.02073505,
               0.01934812,  0.00157537, -0.00146534,  0.04614329,
               0.02494803,  0.03398588,  0.0428007 ,  0.01270672,
               0.00511331,  0.00775083,  0.01880925,  0.01778803,
               0.00880839,  0.04722638,  0.04563501,  0.03950961,
               0.04547276,  0.02074757,  0.02477639,  0.02801029,
               0.00967651,  0.02790935,  0.04145039,  0.04699772,
               0.04567855,  0.04183052],
             [ 0.18343057,  0.13802353,  0.09535825,  0.10371526,
               0.04846095,  0.01359731,  0.00067584,  0.2197384 ,
               0.0748634 ,  0.05623575,  0.1871734 ,  0.05695957,
               0.02162065,  0.02077908,  0.03654236,  0.05043979,
               0.01111628,  0.23569833,  0.19784641,  0.19919664,
               0.2045244 ,  0.0862686 ,  0.10596838,  0.06221786,
               0.02019129,  0.06874322,  0.17812519,  0.20648345,
               0.2246555 ,  0.11378475],
             [ 0.        ,  0.        ,  0.        ,  0.        ,
               0.        ,  0.        ,  0.        ,  0.        ,
               0.        ,  0.        ,  0.        ,  0.        ,
               0.        ,  0.        ,  0.        ,  0.        ,
               0.        ,  0.        ,  0.        ,  0.        ,
               0.        ,  0.        ,  0.        ,  0.        ,
               0.        ,  0.        ,  0.        ,  0.        ,
               0.        ,  0.        ],
             [ 0.10495491,  0.07937334,  0.0555805 ,  0.06000723,
               0.02726656,  0.00309343,  0.        ,  0.12620986,
               0.04235047,  0.00884659,  0.10719524,  0.03308091,
               0.01899992,  0.01799537,  0.02023148,  0.02862183,
               0.01090414,  0.13558926,  0.11323317,  0.11473311,
               0.11722764,  0.03065194,  0.06088986,  0.03447359,
               0.01728745,  0.03837007,  0.10195726,  0.11822054,
               0.12919025,  0.04402555],
             [ 0.        ,  0.        ,  0.        ,  0.        ,
               0.        ,  0.        ,  0.        ,  0.        ,
               0.        ,  0.        ,  0.        ,  0.        ,
               0.        ,  0.        ,  0.        ,  0.        ,
               0.        ,  0.        ,  0.        ,  0.        ,
               0.        ,  0.        ,  0.        ,  0.        ,
               0.        ,  0.        ,  0.        ,  0.        ,
               0.        ,  0.        ]], dtype=float32), DeviceArray([[1.14494634e+00, 7.32574224e-01, 3.95730525e-01,
              4.63717639e-01, 2.28868291e-01, 2.15884969e-02,
              2.75568850e-03, 1.47279394e+00, 3.57810706e-01,
              2.46024594e-01, 1.15628958e+00, 2.28491366e-01,
              5.55225424e-02, 6.17609434e-02, 1.88058615e-01,
              2.29053900e-01, 5.56179434e-02, 1.62639809e+00,
              1.28607750e+00, 1.22702336e+00, 1.33917081e+00,
              2.33499452e-01, 5.00703216e-01, 3.21788788e-01,
              6.62693456e-02, 3.48444462e-01, 1.08647299e+00,
              1.36909056e+00, 1.51107931e+00, 4.85458970e-01],
             [7.61038542e+00, 4.65772676e+00, 2.32342529e+00,
              2.70502925e+00, 8.24337959e-01, 6.14057481e-03,
              2.34839899e-06, 1.05563517e+01, 1.61415648e+00,
              4.02096719e-01, 7.78272629e+00, 1.01496708e+00,
              4.81336974e-02, 5.15589900e-02, 5.60351372e-01,
              8.68889093e-01, 3.08873169e-02, 1.19939375e+01,
              8.75095844e+00, 8.73621368e+00, 9.28656960e+00,
              1.37066495e+00, 2.83151340e+00, 1.22823632e+00,
              5.32462336e-02, 1.42986393e+00, 7.18379116e+00,
              9.43457031e+00, 1.09854040e+01, 1.87366378e+00],
             [6.67144537e+00, 4.27307701e+00, 2.33711362e+00,
              2.59815574e+00, 7.18411326e-01, 2.18539927e-02,
              2.03830888e-04, 9.43731022e+00, 1.39013135e+00,
              2.05254868e-01, 6.88270521e+00, 1.02527714e+00,
              6.16568848e-02, 5.41538373e-02, 4.68360424e-01,
              7.86772132e-01, 2.80147493e-02, 1.08102160e+01,
              7.66927338e+00, 7.97629976e+00, 8.20685291e+00,
              1.63820422e+00, 2.60929537e+00, 9.61174130e-01,
              4.78502437e-02, 1.15220320e+00, 6.32754469e+00,
              8.27464867e+00, 9.89018917e+00, 1.28645027e+00],
             [4.19620493e-16, 1.34581063e-15, 5.84662798e-16,
              6.82935629e-20, 0.00000000e+00, 4.64268395e-18,
              0.00000000e+00, 2.94126092e-15, 0.00000000e+00,
              0.00000000e+00, 2.17450153e-16, 0.00000000e+00,
              5.50745677e-22, 0.00000000e+00, 0.00000000e+00,
              0.00000000e+00, 0.00000000e+00, 2.55878193e-15,
              5.10504216e-16, 2.06578419e-15, 7.19921519e-16,
              0.00000000e+00, 9.59379791e-19, 0.00000000e+00,
              0.00000000e+00, 0.00000000e+00, 6.86961826e-16,
              3.74997738e-16, 1.87673363e-15, 0.00000000e+00],
             [4.89450485e-01, 3.91930282e-01, 3.07206929e-01,
              2.88949907e-01, 5.75696602e-02, 2.01015528e-02,
              3.50753340e-04, 7.52120137e-01, 1.00278437e-01,
              3.52853567e-05, 5.25057733e-01, 1.41798690e-01,
              1.98000204e-02, 1.15203457e-02, 3.19870561e-02,
              7.40247741e-02, 4.38608043e-03, 8.90938759e-01,
              5.59933066e-01, 7.00091600e-01, 6.22345388e-01,
              3.63085389e-01, 2.46679589e-01, 4.15785797e-02,
              6.56195963e-03, 5.89055866e-02, 4.75389063e-01,
              6.04513884e-01, 8.12806726e-01, 1.67831518e-02],
             [1.31387029e-15, 1.33721451e-15, 1.27395725e-15,
              1.24996027e-15, 1.15800384e-15, 1.11910755e-15,
              1.09942410e-15, 1.40615209e-15, 1.21556311e-15,
              1.03595136e-15, 1.29273904e-15, 1.21595921e-15,
              1.15823709e-15, 1.15161848e-15, 1.19447104e-15,
              1.22746827e-15, 1.18469120e-15, 1.39634038e-15,
              1.32189105e-15, 1.36190034e-15, 1.33100079e-15,
              1.10867232e-15, 1.26325340e-15, 1.13942205e-15,
              1.12259458e-15, 1.17886827e-15, 1.32069451e-15,
              1.31720135e-15, 1.37425495e-15, 1.14249127e-15],
             [3.77904080e-17, 3.91326409e-17, 3.51372394e-17,
              3.33200626e-17, 2.71357411e-17, 2.87652885e-17,
              2.79147086e-17, 4.38683293e-17, 3.11607804e-17,
              2.41088142e-17, 3.60917099e-17, 3.07865474e-17,
              2.87836321e-17, 2.83702535e-17, 2.95740925e-17,
              3.17648109e-17, 2.88187873e-17, 4.29670135e-17,
              3.82311729e-17, 4.08767016e-17, 3.86897320e-17,
              2.82534292e-17, 3.40123234e-17, 2.59030385e-17,
              2.75531744e-17, 2.84713813e-17, 3.82787093e-17,
              3.78717827e-17, 4.15273917e-17, 2.61382158e-17],
             [4.28723544e-02, 3.12659368e-02, 2.09361259e-02,
              2.28689685e-02, 1.37344329e-02, 3.64186405e-03,
              1.63951737e-03, 5.29809520e-02, 1.82244498e-02,
              1.18213836e-02, 4.33774143e-02, 1.44805079e-02,
              6.79551717e-03, 6.95346110e-03, 1.20540438e-02,
              1.39173446e-02, 6.51245238e-03, 5.77050522e-02,
              4.69864085e-02, 4.63439971e-02, 4.87594157e-02,
              1.57712512e-02, 2.36617811e-02, 1.64485667e-02,
              7.05080060e-03, 1.74852498e-02, 4.12488952e-02,
              4.93858643e-02, 5.43252565e-02, 2.04424318e-02],
             [1.79222262e+00, 1.34573066e+00, 9.63589370e-01,
              9.43373799e-01, 2.01955870e-01, 3.93198468e-02,
              1.16017205e-03, 2.69409657e+00, 3.64937454e-01,
              7.23366858e-04, 1.90114629e+00, 4.37030256e-01,
              5.00470921e-02, 3.10274102e-02, 1.16481237e-01,
              2.49291793e-01, 1.27733145e-02, 3.16358376e+00,
              2.05408263e+00, 2.44123721e+00, 2.25922799e+00,
              1.02095461e+00, 8.38851869e-01, 1.76259637e-01,
              1.92029066e-02, 2.37107441e-01, 1.72842634e+00,
              2.21836162e+00, 2.88744164e+00, 1.14471063e-01],
             [0.00000000e+00, 0.00000000e+00, 0.00000000e+00,
              0.00000000e+00, 0.00000000e+00, 0.00000000e+00,
              0.00000000e+00, 0.00000000e+00, 0.00000000e+00,
              0.00000000e+00, 0.00000000e+00, 0.00000000e+00,
              0.00000000e+00, 0.00000000e+00, 0.00000000e+00,
              0.00000000e+00, 0.00000000e+00, 0.00000000e+00,
              0.00000000e+00, 0.00000000e+00, 0.00000000e+00,
              0.00000000e+00, 0.00000000e+00, 0.00000000e+00,
              0.00000000e+00, 0.00000000e+00, 0.00000000e+00,
              0.00000000e+00, 0.00000000e+00, 0.00000000e+00],
             [1.12696060e-13, 5.44602951e-14, 1.74592786e-14,
              0.00000000e+00, 0.00000000e+00, 0.00000000e+00,
              0.00000000e+00, 3.60320877e-13, 0.00000000e+00,
              0.00000000e+00, 9.65326689e-15, 0.00000000e+00,
              0.00000000e+00, 0.00000000e+00, 0.00000000e+00,
              0.00000000e+00, 0.00000000e+00, 2.55674388e-13,
              1.21576889e-13, 1.26712131e-13, 1.01351998e-13,
              0.00000000e+00, 8.04796940e-18, 0.00000000e+00,
              0.00000000e+00, 0.00000000e+00, 1.04513105e-13,
              1.13203629e-13, 1.93662198e-13, 0.00000000e+00],
             [1.50092862e-16, 1.56976685e-16, 1.36962647e-16,
              1.26180553e-16, 9.80417806e-17, 1.07620214e-16,
              1.03579629e-16, 1.82742978e-16, 1.15059539e-16,
              8.52860071e-17, 1.40718933e-16, 1.14105013e-16,
              1.07791924e-16, 1.05866439e-16, 1.10195612e-16,
              1.18096695e-16, 1.06175745e-16, 1.77533421e-16,
              1.52329069e-16, 1.66473235e-16, 1.54588741e-16,
              1.05334317e-16, 1.29628983e-16, 9.15714283e-17,
              1.01910445e-16, 1.02065829e-16, 1.52724421e-16,
              1.50359624e-16, 1.69771674e-16, 9.22786479e-17],
             [3.64093142e-17, 3.74932748e-17, 3.42161308e-17,
              3.29439667e-17, 2.74945488e-17, 2.86400898e-17,
              2.79150130e-17, 4.11405292e-17, 3.12388365e-17,
              2.47297953e-17, 3.51286665e-17, 3.09069915e-17,
              2.86315533e-17, 2.82937129e-17, 2.95909173e-17,
              3.17292520e-17, 2.89096745e-17, 4.04843004e-17,
              3.67684330e-17, 3.88332975e-17, 3.71512092e-17,
              2.81831850e-17, 3.35159158e-17, 2.66824924e-17,
              2.76020923e-17, 2.90218866e-17, 3.67867038e-17,
              3.64951458e-17, 3.93654493e-17, 2.69244874e-17],
             [1.77258289e+00, 9.42900479e-01, 3.39385390e-01,
              4.86506939e-01, 2.88391411e-01, 6.62019011e-04,
              1.16465311e-03, 2.18922091e+00, 5.05092084e-01,
              5.53728104e-01, 1.74592733e+00, 1.83012158e-01,
              2.02326830e-02, 3.72346267e-02, 2.47900754e-01,
              2.62064248e-01, 4.10781316e-02, 2.37057662e+00,
              2.01138783e+00, 1.68003607e+00, 2.04900980e+00,
              6.32718578e-02, 6.11741662e-01, 5.47164321e-01,
              5.34276664e-02, 5.68526685e-01, 1.65125084e+00,
              2.14746666e+00, 2.19958401e+00, 1.09647012e+00],
             [3.77088237e+00, 2.07344890e+00, 8.12805355e-01,
              1.10532463e+00, 5.79619527e-01, 4.77194879e-03,
              5.32510877e-03, 4.76557112e+00, 1.02674532e+00,
              8.88041675e-01, 3.74480343e+00, 4.21995729e-01,
              4.50074524e-02, 7.30514303e-02, 4.81004983e-01,
              5.41438282e-01, 7.58330002e-02, 5.21173048e+00,
              4.28761959e+00, 3.72265077e+00, 4.40413141e+00,
              2.19170094e-01, 1.33278370e+00, 1.04783618e+00,
              9.85580832e-02, 1.10798073e+00, 3.52413440e+00,
              4.58545589e+00, 4.82396984e+00, 2.00266147e+00],
             [6.54254675e+00, 4.12238073e+00, 2.17575717e+00,
              2.49210048e+00, 8.45168233e-01, 2.77297758e-02,
              2.22964725e-03, 8.97047901e+00, 1.53635597e+00,
              4.59223837e-01, 6.68848324e+00, 1.02919519e+00,
              9.83270332e-02, 1.01336859e-01, 6.03902757e-01,
              8.88557136e-01, 7.30177164e-02, 1.01497250e+01,
              7.47649145e+00, 7.49464941e+00, 7.92047024e+00,
              1.37231863e+00, 2.58983850e+00, 1.19083464e+00,
              1.02267101e-01, 1.36846662e+00, 6.19510317e+00,
              8.03604221e+00, 9.32510567e+00, 1.72812116e+00],
             [7.81212872e-09, 3.90009092e-09, 8.46967936e-08,
              1.69320488e-10, 0.00000000e+00, 0.00000000e+00,
              2.52326731e-17, 3.34143039e-07, 2.96756339e-17,
              0.00000000e+00, 1.74591219e-09, 0.00000000e+00,
              0.00000000e+00, 0.00000000e+00, 0.00000000e+00,
              1.24931359e-12, 0.00000000e+00, 2.20793538e-07,
              1.24589254e-08, 4.16853432e-08, 3.43193243e-08,
              0.00000000e+00, 4.87763052e-10, 0.00000000e+00,
              0.00000000e+00, 0.00000000e+00, 9.92588145e-09,
              1.98782768e-08, 7.40070547e-08, 0.00000000e+00],
             [3.99431896e+00, 2.39117527e+00, 1.14121842e+00,
              1.34774995e+00, 3.82980496e-01, 2.23789248e-04,
              1.03670557e-08, 5.57563829e+00, 7.91944861e-01,
              1.55310914e-01, 4.08197927e+00, 4.70726877e-01,
              1.05295116e-02, 1.21616144e-02, 2.51425892e-01,
              4.03589755e-01, 5.89078013e-03, 6.34782505e+00,
              4.61113501e+00, 4.57913351e+00, 4.89609766e+00,
              6.28082395e-01, 1.42176366e+00, 5.98256886e-01,
              1.32162804e-02, 7.01647639e-01, 3.76146317e+00,
              4.98066664e+00, 5.80280972e+00, 9.45891082e-01],
             [8.67188057e-11, 1.03615935e-10, 6.23719409e-11,
              5.42243021e-11, 7.06933470e-12, 1.54949881e-12,
              0.00000000e+00, 1.54952606e-10, 1.41122400e-11,
              0.00000000e+00, 1.05540306e-10, 2.39774155e-11,
              2.09453527e-12, 7.15011275e-13, 2.83000359e-12,
              1.02379433e-11, 1.44972833e-13, 1.84893351e-10,
              1.07994537e-10, 1.41952630e-10, 1.23207472e-10,
              4.35861798e-11, 4.35901350e-11, 3.82117298e-12,
              5.23436715e-14, 6.67391403e-12, 8.94050806e-11,
              1.03018635e-10, 1.69609618e-10, 3.56507020e-15],
             [0.00000000e+00, 0.00000000e+00, 0.00000000e+00,
              0.00000000e+00, 0.00000000e+00, 0.00000000e+00,
              0.00000000e+00, 0.00000000e+00, 0.00000000e+00,
              0.00000000e+00, 0.00000000e+00, 0.00000000e+00,
              0.00000000e+00, 0.00000000e+00, 0.00000000e+00,
              0.00000000e+00, 0.00000000e+00, 0.00000000e+00,
              0.00000000e+00, 0.00000000e+00, 0.00000000e+00,
              0.00000000e+00, 0.00000000e+00, 0.00000000e+00,
              0.00000000e+00, 0.00000000e+00, 0.00000000e+00,
              0.00000000e+00, 0.00000000e+00, 0.00000000e+00],
             [2.97332662e-07, 2.05643843e-07, 4.01769640e-08,
              5.25757660e-09, 1.76139125e-15, 6.41237985e-13,
              1.90968290e-16, 7.47266711e-07, 1.30648296e-11,
              4.54774181e-19, 9.72433511e-08, 1.05214153e-11,
              4.50072380e-13, 1.23718013e-14, 2.45038928e-12,
              1.98699494e-11, 1.02280131e-12, 5.93289030e-07,
              3.20872005e-07, 3.40802188e-07, 2.97730338e-07,
              5.40933578e-15, 2.34691946e-08, 0.00000000e+00,
              3.77540700e-18, 1.41903665e-12, 2.81704899e-07,
              3.09635709e-07, 4.76126928e-07, 0.00000000e+00],
             [1.56283605e+00, 9.27520812e-01, 4.34600562e-01,
              5.15115321e-01, 1.37630269e-01, 4.28200910e-05,
              1.75869354e-06, 2.19574594e+00, 2.95405507e-01,
              4.70751263e-02, 1.59797657e+00, 1.72348827e-01,
              2.03398825e-03, 2.39641359e-03, 8.75761285e-02,
              1.45748362e-01, 8.74974183e-04, 2.50556254e+00,
              1.80884874e+00, 1.79881573e+00, 1.92324221e+00,
              2.35005677e-01, 5.43391705e-01, 2.19452798e-01,
              2.63746991e-03, 2.59642392e-01, 1.47024131e+00,
              1.95627987e+00, 2.28727961e+00, 3.52229416e-01],
             [1.12842976e-13, 1.29153686e-13, 7.71758484e-14,
              9.99465166e-15, 1.54569039e-15, 4.58551027e-15,
              2.82046619e-15, 5.40906621e-13, 4.91166920e-15,
              9.99765587e-16, 2.51176203e-14, 4.71255759e-15,
              4.27084896e-15, 3.58407931e-15, 3.67117801e-15,
              6.07802298e-15, 2.75761677e-15, 4.00532662e-13,
              1.25697345e-13, 2.50117770e-13, 1.20700054e-13,
              3.32666451e-15, 1.14579460e-14, 1.03548677e-15,
              2.45945630e-15, 1.88693996e-15, 1.27178257e-13,
              1.06360619e-13, 2.90883257e-13, 1.12180048e-15],
             [3.20735765e+00, 2.25819016e+00, 1.45908463e+00,
              1.50184739e+00, 3.73516709e-01, 5.31240553e-02,
              1.20056486e-02, 4.67697811e+00, 6.79676354e-01,
              2.89190225e-02, 3.35881782e+00, 6.65751457e-01,
              7.43878707e-02, 5.50811589e-02, 2.33755007e-01,
              4.34938401e-01, 3.13528925e-02, 5.42640972e+00,
              3.67556024e+00, 4.11746502e+00, 3.99074006e+00,
              1.33083093e+00, 1.40602684e+00, 3.96266490e-01,
              4.20616493e-02, 4.99311268e-01, 3.07193065e+00,
              3.96463442e+00, 4.96157885e+00, 3.77367556e-01],
             [0.00000000e+00, 0.00000000e+00, 0.00000000e+00,
              0.00000000e+00, 0.00000000e+00, 0.00000000e+00,
              0.00000000e+00, 0.00000000e+00, 0.00000000e+00,
              0.00000000e+00, 0.00000000e+00, 0.00000000e+00,
              0.00000000e+00, 0.00000000e+00, 0.00000000e+00,
              0.00000000e+00, 0.00000000e+00, 0.00000000e+00,
              0.00000000e+00, 0.00000000e+00, 0.00000000e+00,
              0.00000000e+00, 0.00000000e+00, 0.00000000e+00,
              0.00000000e+00, 0.00000000e+00, 0.00000000e+00,
              0.00000000e+00, 0.00000000e+00, 0.00000000e+00],
             [7.80071676e-01, 3.99665147e-01, 1.30020916e-01,
              1.98948145e-01, 1.36451423e-01, 8.36628606e-05,
              1.87234502e-04, 9.37705696e-01, 2.35212028e-01,
              3.25228989e-01, 7.62699842e-01, 7.40114227e-02,
              9.07232706e-03, 1.88169684e-02, 1.21927187e-01,
              1.20340638e-01, 2.23291051e-02, 1.00326002e+00,
              8.83031666e-01, 7.05170453e-01, 8.90831530e-01,
              1.40443398e-02, 2.62932688e-01, 2.71495551e-01,
              2.84053739e-02, 2.76909590e-01, 7.24539518e-01,
              9.40878212e-01, 9.33715940e-01, 5.69995821e-01],
             [9.12113476e+00, 5.67834473e+00, 2.93054414e+00,
              3.36260295e+00, 1.02744865e+00, 1.80957913e-02,
              2.29808757e-05, 1.26758423e+01, 1.97170985e+00,
              4.82296437e-01, 9.34514523e+00, 1.30497515e+00,
              7.83386752e-02, 7.93158263e-02, 7.00413525e-01,
              1.09146857e+00, 4.85539287e-02, 1.44165812e+01,
              1.04732265e+01, 1.05637188e+01, 1.11313992e+01,
              1.83885515e+00, 3.48031378e+00, 1.47573698e+00,
              7.87287503e-02, 1.72354400e+00, 8.62489891e+00,
              1.12853565e+01, 1.32101078e+01, 2.16659784e+00],
             [3.08959507e-18, 3.18644820e-18, 2.89935821e-18,
              2.77527512e-18, 2.32889537e-18, 2.41383628e-18,
              2.35059460e-18, 3.51962621e-18, 2.62128304e-18,
              2.07584283e-18, 2.97209944e-18, 2.59675279e-18,
              2.41811590e-18, 2.38800653e-18, 2.50790553e-18,
              2.66557174e-18, 2.45238579e-18, 3.45819812e-18,
              3.12159538e-18, 3.30880351e-18, 3.15538529e-18,
              2.37498381e-18, 2.82600094e-18, 2.24273852e-18,
              2.32619049e-18, 2.43326489e-18, 3.12385544e-18,
              3.09660377e-18, 3.35629030e-18, 2.26202878e-18],
             [4.32749748e+00, 2.58855748e+00, 1.23493946e+00,
              1.46687841e+00, 4.47742760e-01, 6.22314168e-04,
              6.77775747e-09, 5.98403692e+00, 8.98474634e-01,
              2.26228237e-01, 4.41466427e+00, 5.26640654e-01,
              1.74961202e-02, 2.07415149e-02, 3.03987801e-01,
              4.66586232e-01, 1.22563401e-02, 6.78862238e+00,
              4.98406124e+00, 4.90765715e+00, 5.27763653e+00,
              6.70165598e-01, 1.55953407e+00, 7.00065911e-01,
              2.29830369e-02, 8.10836256e-01, 4.07587671e+00,
              5.37698746e+00, 6.21478748e+00, 1.11653328e+00],
             [2.79887585e-16, 2.86423662e-16, 2.67263326e-16,
              2.60306539e-16, 2.30018335e-16, 2.29425465e-16,
              2.24795530e-16, 3.07228009e-16, 2.50333441e-16,
              2.06158992e-16, 2.72952529e-16, 2.49358241e-16,
              2.30774365e-16, 2.28885719e-16, 2.42199992e-16,
              2.53433502e-16, 2.38568391e-16, 3.03796572e-16,
              2.82085582e-16, 2.93992378e-16, 2.84500870e-16,
              2.26432977e-16, 2.63877683e-16, 2.24891033e-16,
              2.23558279e-16, 2.38584008e-16, 2.82006994e-16,
              2.80582549e-16, 2.97303668e-16, 2.26296181e-16]],            dtype=float32)], [DeviceArray([[ 0.0711607 ],
             [ 0.58958507],
             [-0.62452203],
             [ 0.7990879 ],
             [ 0.648792  ],
             [ 0.575855  ],
             [-0.28648847],
             [ 0.6150377 ],
             [-0.3700649 ],
             [ 0.01046196],
             [-0.9482176 ],
             [ 0.36837727],
             [ 0.57767534],
             [ 0.38062906],
             [ 0.47043306],
             [ 0.08253971],
             [-0.218947  ],
             [ 0.8620867 ],
             [ 0.1663674 ],
             [-0.7866022 ],
             [-0.4033023 ],
             [ 0.09566268],
             [ 0.5379346 ],
             [-0.66784966],
             [-0.6598953 ],
             [-0.68870354],
             [-0.39234   ],
             [-0.10610959],
             [-0.2581921 ],
             [-0.677196  ]], dtype=float32), DeviceArray([[0.6893497],
             [0.       ],
             [0.       ],
             [0.       ],
             [0.       ],
             [0.       ],
             [0.       ],
             [0.       ],
             [0.       ],
             [0.       ],
             [0.       ],
             [0.       ],
             [0.       ],
             [0.       ],
             [0.       ],
             [0.       ],
             [0.       ],
             [0.       ],
             [0.       ],
             [0.       ],
             [0.       ],
             [0.       ],
             [0.       ],
             [0.       ],
             [0.       ],
             [0.       ],
             [0.       ],
             [0.       ],
             [0.       ],
             [0.       ]], dtype=float32), DeviceArray([[173.50946],
             [  0.     ],
             [  0.     ],
             [  0.     ],
             [  0.     ],
             [  0.     ],
             [  0.     ],
             [  0.     ],
             [  0.     ],
             [  0.     ],
             [  0.     ],
             [  0.     ],
             [  0.     ],
             [  0.     ],
             [  0.     ],
             [  0.     ],
             [  0.     ],
             [  0.     ],
             [  0.     ],
             [  0.     ],
             [  0.     ],
             [  0.     ],
             [  0.     ],
             [  0.     ],
             [  0.     ],
             [  0.     ],
             [  0.     ],
             [  0.     ],
             [  0.     ],
             [  0.     ]], dtype=float32)], [DeviceArray([[ 1.3030783 ,  1.5290751 ,  1.4311786 , -0.17101908,
               1.2674463 , -0.34664777, -0.14980254,  1.05498   ,
               1.5824704 ,  0.20310183, -0.33135578, -0.24147423,
              -0.20763147,  1.5583827 ,  1.7366322 , -1.1637932 ,
               0.27917036,  1.501251  ,  0.19701636, -0.37929168,
               0.49343216,  1.2425103 , -0.25467455,  1.3820282 ,
              -0.10208837,  1.5338788 ,  1.5397755 , -0.0338177 ,
               1.3184917 , -0.28167102]], dtype=float32), DeviceArray([[0.05701879, 0.12542571, 0.08403008, 0.        , 0.04101602,
              0.        , 0.        , 0.02329487, 0.06796556, 0.        ,
              0.        , 0.        , 0.        , 0.0491099 , 0.06638744,
              1.6319277 , 0.        , 0.0719207 , 0.        , 0.        ,
              0.        , 0.05328658, 0.        , 0.04250241, 0.        ,
              0.00658229, 0.17306647, 0.        , 0.07909448, 0.        ]],            dtype=float32), DeviceArray([[1.0641860e+00, 4.1426682e+00, 1.8510431e+00, 5.4941341e-23,
              2.5745353e-01, 2.4346488e-20, 1.0241140e-19, 1.3561706e-01,
              1.1047415e+00, 0.0000000e+00, 8.2157367e-19, 1.6349040e-17,
              1.7478534e-22, 7.9578412e-01, 2.3361299e+00, 8.0727899e+02,
              1.7006808e-08, 8.9241034e-01, 1.2859179e-18, 0.0000000e+00,
              2.9494473e-12, 2.6424667e-01, 1.8899429e-15, 1.3283536e+00,
              0.0000000e+00, 1.7449407e-01, 4.9854050e+00, 4.7789568e-20,
              2.5098107e+00, 1.3094664e-20]], dtype=float32)], [DeviceArray([[-0.416234]], dtype=float32), DeviceArray([[0.06711135]], dtype=float32), DeviceArray([[2.201436]], dtype=float32)]), tree_def=PyTreeDef([(*, *), (*, *), (*, *)]), subtree_defs=(PyTreeDef((*, *, *)), PyTreeDef((*, *, *)), PyTreeDef((*, *, *)), PyTreeDef((*, *, *)), PyTreeDef((*, *, *)), PyTreeDef((*, *, *))))